{"working_dir":null,"default_chunk_options":{"echo":true},"chunk_definitions":[{"row":16,"row_count":1,"visible":true,"expansion_state":0,"options":{"engine":"r","label":"setup","include":false},"document_id":"794103FC","chunk_id":"csetup_chunk","chunk_label":"setup"},{"row":24,"row_count":1,"visible":true,"expansion_state":0,"options":{"engine":"r","label":"unnamed-chunk-1"},"document_id":"794103FC","chunk_id":"ccg2sg8c8nrc9","chunk_label":"unnamed-chunk-1"},{"row":38,"row_count":1,"visible":true,"expansion_state":0,"options":{"engine":"r","label":"unnamed-chunk-2"},"document_id":"794103FC","chunk_id":"cquj5efj771pt","chunk_label":"unnamed-chunk-2"},{"row":47,"row_count":1,"visible":true,"expansion_state":0,"options":{"engine":"r","label":"unnamed-chunk-3"},"document_id":"794103FC","chunk_id":"c5yqauokgqwyu","chunk_label":"unnamed-chunk-3"},{"row":56,"row_count":1,"visible":true,"expansion_state":0,"options":{"engine":"r","label":"unnamed-chunk-4"},"document_id":"794103FC","chunk_id":"ci20zmmjn7tcf","chunk_label":"unnamed-chunk-4"},{"row":65,"row_count":1,"visible":true,"expansion_state":0,"options":{"engine":"r","label":"unnamed-chunk-5"},"document_id":"794103FC","chunk_id":"ci7dmb4y4k9n3","chunk_label":"unnamed-chunk-5"},{"row":74,"row_count":1,"visible":true,"expansion_state":0,"options":{"engine":"r","label":"unnamed-chunk-6"},"document_id":"794103FC","chunk_id":"cmzcgtwqu060w","chunk_label":"unnamed-chunk-6"},{"row":110,"row_count":1,"visible":true,"expansion_state":0,"options":{"engine":"r","label":"unnamed-chunk-7"},"document_id":"794103FC","chunk_id":"cwcux3yezn2en","chunk_label":"unnamed-chunk-7"},{"row":115,"row_count":1,"visible":true,"expansion_state":0,"options":{"engine":"r","label":"unnamed-chunk-8"},"document_id":"794103FC","chunk_id":"ckjv2hsyiyeh2","chunk_label":"unnamed-chunk-8"},{"row":119,"row_count":1,"visible":true,"expansion_state":0,"options":{"engine":"r","label":"unnamed-chunk-9"},"document_id":"794103FC","chunk_id":"clk6f17huw74n","chunk_label":"unnamed-chunk-9"},{"row":123,"row_count":1,"visible":true,"expansion_state":0,"options":{"engine":"r","label":"unnamed-chunk-10"},"document_id":"794103FC","chunk_id":"cvr9ykedpkyhm","chunk_label":"unnamed-chunk-10"},{"row":127,"row_count":1,"visible":true,"expansion_state":0,"options":{"engine":"r","label":"unnamed-chunk-11"},"document_id":"794103FC","chunk_id":"cakn9w0db6h6s","chunk_label":"unnamed-chunk-11"},{"row":131,"row_count":1,"visible":true,"expansion_state":0,"options":{"engine":"r","label":"unnamed-chunk-12"},"document_id":"794103FC","chunk_id":"cqgco8jemszkb","chunk_label":"unnamed-chunk-12"},{"row":145,"row_count":1,"visible":true,"expansion_state":0,"options":{"engine":"r","label":"unnamed-chunk-13"},"document_id":"794103FC","chunk_id":"c3y4o4jd2ucjk","chunk_label":"unnamed-chunk-13"},{"row":152,"row_count":1,"visible":true,"expansion_state":0,"options":{"engine":"r","label":"unnamed-chunk-14"},"document_id":"794103FC","chunk_id":"cnrxjc8sromwn","chunk_label":"unnamed-chunk-14"},{"row":166,"row_count":1,"visible":true,"expansion_state":0,"options":{"engine":"r","label":"unnamed-chunk-15"},"document_id":"794103FC","chunk_id":"capvrlafcvnjt","chunk_label":"unnamed-chunk-15"},{"row":173,"row_count":1,"visible":true,"expansion_state":0,"options":{"engine":"r","label":"unnamed-chunk-16"},"document_id":"794103FC","chunk_id":"chlwddcddszjd","chunk_label":"unnamed-chunk-16"},{"row":185,"row_count":1,"visible":true,"expansion_state":0,"options":{"engine":"r","label":"unnamed-chunk-17"},"document_id":"794103FC","chunk_id":"c4vgf4c0g999y","chunk_label":"unnamed-chunk-17"},{"row":195,"row_count":1,"visible":true,"expansion_state":0,"options":{"engine":"r","label":"unnamed-chunk-18"},"document_id":"794103FC","chunk_id":"cgwdfe8w0hdv4","chunk_label":"unnamed-chunk-18"},{"row":237,"row_count":1,"visible":true,"expansion_state":0,"options":{"engine":"r","label":"unnamed-chunk-19"},"document_id":"794103FC","chunk_id":"csm7g7tvpz9f9","chunk_label":"unnamed-chunk-19"}],"doc_write_time":1593374457,"chunk_rendered_width":700}