{"chunk_definitions":[{"row":16,"row_count":1,"visible":true,"expansion_state":0,"options":{"engine":"r","label":"setup","include":false},"document_id":"E15D8981","chunk_id":"csetup_chunk","chunk_label":"setup"},{"row":47,"row_count":1,"visible":true,"expansion_state":0,"options":{"engine":"r","label":"unnamed-chunk-14"},"document_id":"E15D8981","chunk_id":"c0xizf2tmufj8","chunk_label":"unnamed-chunk-1"},{"row":101,"row_count":1,"visible":true,"expansion_state":0,"options":{"engine":"r","label":"unnamed-chunk-21"},"document_id":"E15D8981","chunk_id":"ct3yryyc2t8z9","chunk_label":"unnamed-chunk-2"},{"row":107,"row_count":1,"visible":true,"expansion_state":0,"options":{"engine":"r","label":"unnamed-chunk-22"},"document_id":"E15D8981","chunk_id":"c3622voygx45r","chunk_label":"unnamed-chunk-3"},{"row":136,"row_count":1,"visible":true,"expansion_state":0,"options":{"engine":"r","label":"unnamed-chunk-27"},"document_id":"E15D8981","chunk_id":"cdpj5awy7ytm5","chunk_label":"unnamed-chunk-4"},{"row":228,"row_count":1,"visible":true,"expansion_state":0,"options":{"engine":"r","label":"unnamed-chunk-38"},"document_id":"E15D8981","chunk_id":"cp1owqn1lbm94","chunk_label":"unnamed-chunk-5"},{"row":241,"row_count":1,"visible":true,"expansion_state":0,"options":{"engine":"r","label":"unnamed-chunk-43"},"document_id":"E15D8981","chunk_id":"c27xagbdr989q","chunk_label":"unnamed-chunk-6"},{"row":254,"row_count":1,"visible":true,"expansion_state":0,"options":{"engine":"r","label":"unnamed-chunk-44"},"document_id":"E15D8981","chunk_id":"cwiuvqt9kfkbj","chunk_label":"unnamed-chunk-7"},{"row":273,"row_count":1,"visible":true,"expansion_state":0,"options":{"engine":"r","label":"unnamed-chunk-48"},"document_id":"E15D8981","chunk_id":"cbbr4km7ipruo","chunk_label":"unnamed-chunk-9"},{"row":283,"row_count":1,"visible":true,"expansion_state":0,"options":{"engine":"r","label":"unnamed-chunk-49"},"document_id":"E15D8981","chunk_id":"cic1na8x9ux9i","chunk_label":"unnamed-chunk-10"},{"row":358,"row_count":1,"visible":true,"expansion_state":0,"options":{"engine":"r","label":"unnamed-chunk-66"},"document_id":"E15D8981","chunk_id":"c7l5sisj8gspg","chunk_label":"unnamed-chunk-11"},{"row":364,"row_count":1,"visible":true,"expansion_state":0,"options":{"engine":"r","label":"unnamed-chunk-71"},"document_id":"E15D8981","chunk_id":"cu541byjfy78p","chunk_label":"unnamed-chunk-12"},{"row":373,"row_count":1,"visible":true,"expansion_state":0,"options":{"engine":"r","label":"unnamed-chunk-73"},"document_id":"E15D8981","chunk_id":"crfkbmandr3gk","chunk_label":"unnamed-chunk-13"},{"row":379,"row_count":1,"visible":true,"expansion_state":0,"options":{"engine":"r","label":"unnamed-chunk-74"},"document_id":"E15D8981","chunk_id":"cbg5hb2d518hq","chunk_label":"unnamed-chunk-14"},{"row":398,"row_count":1,"visible":true,"expansion_state":0,"options":{"engine":"r","label":"unnamed-chunk-93"},"document_id":"E15D8981","chunk_id":"ceihk3szxhtjt","chunk_label":"unnamed-chunk-15"},{"row":407,"row_count":1,"visible":true,"expansion_state":0,"options":{"engine":"r","label":"unnamed-chunk-94"},"document_id":"E15D8981","chunk_id":"cpau89h9xe862","chunk_label":"unnamed-chunk-16"},{"row":428,"row_count":1,"visible":true,"expansion_state":0,"options":{"engine":"r","label":"unnamed-chunk-101"},"document_id":"E15D8981","chunk_id":"cbqa5j287ou8z","chunk_label":"unnamed-chunk-17"},{"row":441,"row_count":1,"visible":true,"expansion_state":0,"options":{"engine":"r","label":"unnamed-chunk-104"},"document_id":"E15D8981","chunk_id":"ch9opaww8by8g","chunk_label":"unnamed-chunk-18"}],"doc_write_time":1593052037,"working_dir":null,"default_chunk_options":{"echo":true}}