{"chunk_definitions":[{"row":16,"row_count":1,"visible":true,"expansion_state":0,"options":{"engine":"r","label":"setup","include":false},"document_id":"ED5FABBC","chunk_id":"csetup_chunk","chunk_label":"setup"},{"row":167,"row_count":1,"visible":true,"expansion_state":0,"options":{"engine":"r","label":"unnamed-chunk-3"},"document_id":"ED5FABBC","chunk_id":"cizoecgx7vmz9","chunk_label":"unnamed-chunk-8"},{"row":182,"row_count":1,"visible":true,"expansion_state":0,"options":{"engine":"r","label":"unnamed-chunk-4"},"document_id":"ED5FABBC","chunk_id":"cqdpi7ceu7sfv","chunk_label":"unnamed-chunk-9"},{"row":188,"row_count":1,"visible":true,"expansion_state":0,"options":{"engine":"r","label":"unnamed-chunk-7"},"document_id":"ED5FABBC","chunk_id":"cg8z24y6dsbzh","chunk_label":"unnamed-chunk-10"},{"row":240,"row_count":1,"visible":true,"expansion_state":0,"options":{"engine":"r","label":"unnamed-chunk-1"},"document_id":"ED5FABBC","chunk_id":"c8z2xr858cray","chunk_label":"unnamed-chunk-13"}],"doc_write_time":1592699358,"working_dir":null,"default_chunk_options":{"echo":true},"chunk_rendered_width":700}