"0","tcalc=(mean(x1)-24)/(sd(x1)/sqrt(30))"
"0","paste(""tcalc = "",tcalc,sep="""")"
"1","[1]"
"1"," ""tcalc = 1.32625174074314"""
"1","
"
"0","mypvalue=function(t0,xmax=4,n=20, alpha=0.05){"
"0",""
"0","va=round(pt(-t0,df=n-1),4)"
"0","pv=2*va"
"0",""
"0","curve(dt(x,df=n-1),xlim=c(-xmax,xmax),ylab=""T Density"",xlab=expression(t),"
"0","main=substitute(paste(""P-value="", pv, "" alpha="", alpha)))"
"0",""
"0","xcurve=seq(t0,xmax,length=1000)"
"0","ycurve=dt(xcurve,df=n-1)"
"0",""
"0","xlcurve=seq(-t0,-xmax,length=1000)"
"0","ylcurve=dt(xcurve,df=n-1)"
"0",""
"0","polygon(c(t0,xcurve,xmax),c(0,ycurve,0),col=""purple"")"
"0","polygon(c(-t0,xlcurve,-xmax),c(0,ylcurve,0),col=""purple"")"
"0",""
"0","q=qt(1-alpha/2,n-1)"
"0","abline( v=c(q,-q),lwd=2) # plot the cut off t value "
"0","axis(3,c(q,-q),c(expression(abs(t[alpha/2])),expression(-abs(t[alpha/2]))))"
"0",""
"0","text(0.5*(t0+xmax),max(ycurve),substitute(paste(area, ""="",va)))"
"0","text(-0.5*(t0+xmax),max(ycurve),expression(area))"
"0",""
"0","return(list(q=q,pvalue=pv))"
"0","}"
"0",""
"0","mypvalue(tcalc,n=30,alpha=0.05)"
"1","$q
"
"1","[1]"
"1"," 2.04523"
"1","
"
"1","
"
"1","$pvalue
"
"1","[1]"
"1"," 0.1952"
"1","
"
"1","
"
