"0","myTsim2<-function(n1=10,n2=14,sigma1=3,sigma2=3,mean1=5,mean2=10,iter=1000,ymax=0.5,x=2,y=0.4,...){"
"0","y1=rnorm(n1*iter,mean=mean1,sd=sigma1)# generate iter samples of size n1"
"0","y2=rnorm(n2*iter,mean=mean2,sd=sigma2)"
"0","data1.mat=matrix(y1,nrow=n1,ncol=iter,byrow=TRUE) # Each column is a sample size n1"
"0","data2.mat=matrix(y2,nrow=n2,ncol=iter,byrow=TRUE)"
"0","ssq1=apply(data1.mat,2,var) # ssq1 is s squared"
"0","ybar1= apply(data1.mat,2,mean)"
"0","ssq2=apply(data2.mat,2,var)"
"0","ybar2=apply(data2.mat,2,mean)"
"0","spsq=((n1-1)*ssq1 + (n2-1)*ssq2)/(n1+n2-2) # pooled s squared"
"0","w=((ybar1-ybar2)-(mean1-mean2))/sqrt(spsq*(1/n1+1/n2))#sigma1=sigma2,  Chi square stat"
"0","hist(w,freq=FALSE, ylim=c(0,ymax), # Histogram with annotation"
"0","main=substitute(paste(""Sample size = "",n[1]+n[2],"" = "",n1+n2,"" statistic = "",T)),"
"0","xlab=paste("" T Statistic"",sep=""""), las=1)"
"0","lines(density(w),col=""Blue"",lwd=3) # add a density plot"
"0","curve(dt(x,n1+n2-2),add=TRUE,col=""Red"",lty=2,lwd=3) # add a theoretical curve"
"0","title=expression(T==frac((bar(Y)[1]-bar(Y)[2])-(mu[1]-mu[2]),S[p]*sqrt(frac(1,n[1])+frac(1,n[2])))) #mathematical annotation -see ?plotmath"
"0","legend(x,y,c(""Simulated"",""Theoretical""),col=c(""Blue"",""Red""),lwd=4,lty=1:2,bty=""n"",title=title)# Legend #"
"0","invisible(list(w=w,summary=summary(w),sdw=sd(w),fun=""T""))# some output to use if needed"
"0","return(summary=summary(w))"
"0","}"
"0","myTsim2(iter=10000)"
"1","     Min. "
"1","  1st Qu. "
"1","   Median "
"1","     Mean "
"1","  3rd Qu. "
"1","     Max. "
"1","
"
"1","-5.193041 "
"1","-0.677725 "
"1"," 0.009848 "
"1"," 0.011502 "
"1"," 0.713664 "
"1"," 4.221929 "
"1","
"
