{"chunk_definitions":[{"row":16,"row_count":1,"visible":true,"expansion_state":0,"options":{"engine":"r","label":"setup","include":false},"document_id":"DDFEA84C","chunk_id":"csetup_chunk","chunk_label":"setup"},{"row":24,"row_count":1,"visible":true,"expansion_state":0,"options":{"engine":"r","label":"unnamed-chunk-4"},"document_id":"DDFEA84C","chunk_id":"cmwqsg0v13ugf","chunk_label":"unnamed-chunk-1"},{"row":39,"row_count":1,"visible":true,"expansion_state":0,"options":{"engine":"r","label":"unnamed-chunk-5"},"document_id":"DDFEA84C","chunk_id":"ctgxrh87h23jh","chunk_label":"unnamed-chunk-2"},{"row":47,"row_count":1,"visible":true,"expansion_state":0,"options":{"engine":"r","label":"unnamed-chunk-6"},"document_id":"DDFEA84C","chunk_id":"cm35ejnf3ly98","chunk_label":"unnamed-chunk-3"},{"row":55,"row_count":1,"visible":true,"expansion_state":0,"options":{"engine":"r","label":"unnamed-chunk-7"},"document_id":"DDFEA84C","chunk_id":"c8shhmel6edq5","chunk_label":"unnamed-chunk-4"},{"row":63,"row_count":1,"visible":true,"expansion_state":0,"options":{"engine":"r","label":"unnamed-chunk-8"},"document_id":"DDFEA84C","chunk_id":"cw1kbh1ycnx7p","chunk_label":"unnamed-chunk-5"},{"row":67,"row_count":1,"visible":true,"expansion_state":0,"options":{"engine":"r","label":"unnamed-chunk-13"},"document_id":"DDFEA84C","chunk_id":"co3rq2wa7xjne","chunk_label":"unnamed-chunk-6"},{"row":83,"row_count":1,"visible":true,"expansion_state":0,"options":{"engine":"r","label":"unnamed-chunk-11"},"document_id":"DDFEA84C","chunk_id":"cuhbix5opprxn","chunk_label":"unnamed-chunk-7"},{"row":101,"row_count":1,"visible":true,"expansion_state":0,"options":{"engine":"r","label":"unnamed-chunk-26"},"document_id":"DDFEA84C","chunk_id":"chbmr6njixfwj","chunk_label":"unnamed-chunk-8"},{"row":108,"row_count":1,"visible":true,"expansion_state":0,"options":{"engine":"r","label":"unnamed-chunk-25"},"document_id":"DDFEA84C","chunk_id":"csu2vgjb6twdq","chunk_label":"unnamed-chunk-9"},{"row":117,"row_count":1,"visible":true,"expansion_state":0,"options":{"engine":"r","label":"unnamed-chunk-27"},"document_id":"DDFEA84C","chunk_id":"cmnr4im7xacuw","chunk_label":"unnamed-chunk-10"},{"row":141,"row_count":1,"visible":true,"expansion_state":0,"options":{"engine":"r","label":"unnamed-chunk-28"},"document_id":"DDFEA84C","chunk_id":"cac7xw65vskke","chunk_label":"unnamed-chunk-11"},{"row":152,"row_count":1,"visible":true,"expansion_state":0,"options":{"engine":"r","label":"unnamed-chunk-29"},"document_id":"DDFEA84C","chunk_id":"c8wspsl0ctjjp","chunk_label":"unnamed-chunk-12"},{"row":170,"row_count":1,"visible":true,"expansion_state":0,"options":{"engine":"r","label":"unnamed-chunk-37"},"document_id":"DDFEA84C","chunk_id":"c3voqddix2khi","chunk_label":"unnamed-chunk-13"},{"row":185,"row_count":1,"visible":true,"expansion_state":0,"options":{"engine":"r","label":"unnamed-chunk-42"},"document_id":"DDFEA84C","chunk_id":"czv3o55paxxw6","chunk_label":"unnamed-chunk-14"},{"row":194,"row_count":1,"visible":true,"expansion_state":0,"options":{"engine":"r","label":"unnamed-chunk-1"},"document_id":"DDFEA84C","chunk_id":"coj0zwd7id1cr","chunk_label":"unnamed-chunk-15"}],"doc_write_time":1593282366,"working_dir":null,"default_chunk_options":{"echo":true}}