{"chunk_definitions":[{"row":16,"row_count":1,"visible":true,"expansion_state":0,"options":{"engine":"r","label":"setup","include":false},"document_id":"50DA5503","chunk_id":"csetup_chunk","chunk_label":"setup"},{"row":27,"row_count":1,"visible":true,"expansion_state":0,"options":{"engine":"r","label":"unnamed-chunk-19"},"document_id":"50DA5503","chunk_id":"cjgae9xc5khru","chunk_label":"unnamed-chunk-1"},{"row":34,"row_count":1,"visible":true,"expansion_state":0,"options":{"engine":"r","label":"unnamed-chunk-20"},"document_id":"50DA5503","chunk_id":"cplbys9af8b6g","chunk_label":"unnamed-chunk-2"},{"row":46,"row_count":1,"visible":true,"expansion_state":0,"options":{"engine":"r","label":"unnamed-chunk-21"},"document_id":"50DA5503","chunk_id":"cxx27ce77knq6","chunk_label":"unnamed-chunk-3"},{"row":53,"row_count":1,"visible":true,"expansion_state":0,"options":{"engine":"r","label":"unnamed-chunk-22"},"document_id":"50DA5503","chunk_id":"cmogcuy0u5kw4","chunk_label":"unnamed-chunk-4"},{"row":179,"row_count":1,"visible":true,"expansion_state":0,"options":{"engine":"r","label":"unnamed-chunk-3"},"document_id":"50DA5503","chunk_id":"c8qq7bsf4dvuh","chunk_label":"unnamed-chunk-5"},{"row":204,"row_count":1,"visible":true,"expansion_state":0,"options":{"engine":"r","label":"unnamed-chunk-4"},"document_id":"50DA5503","chunk_id":"c8dm6779eljm0","chunk_label":"unnamed-chunk-6"},{"row":210,"row_count":1,"visible":true,"expansion_state":0,"options":{"engine":"r","label":"unnamed-chunk-5"},"document_id":"50DA5503","chunk_id":"cjqflkrw1n2wy","chunk_label":"unnamed-chunk-7"},{"row":216,"row_count":1,"visible":true,"expansion_state":0,"options":{"engine":"r","label":"unnamed-chunk-8"},"document_id":"50DA5503","chunk_id":"cb6yvt8vo0jyu","chunk_label":"unnamed-chunk-8"},{"row":223,"row_count":1,"visible":true,"expansion_state":0,"options":{"engine":"r","label":"unnamed-chunk-16"},"document_id":"50DA5503","chunk_id":"c89fjihx955di","chunk_label":"unnamed-chunk-9"},{"row":230,"row_count":1,"visible":true,"expansion_state":0,"options":{"engine":"r","label":"unnamed-chunk-20"},"document_id":"50DA5503","chunk_id":"chqo4j1yd0fum","chunk_label":"unnamed-chunk-10"},{"row":238,"row_count":1,"visible":true,"expansion_state":0,"options":{"engine":"r","label":"unnamed-chunk-23"},"document_id":"50DA5503","chunk_id":"ckrvhcr3mslao","chunk_label":"unnamed-chunk-11"},{"row":247,"row_count":1,"visible":true,"expansion_state":0,"options":{"engine":"r","label":"unnamed-chunk-34"},"document_id":"50DA5503","chunk_id":"csf95i3wt4r2s","chunk_label":"unnamed-chunk-12"},{"row":253,"row_count":1,"visible":true,"expansion_state":0,"options":{"engine":"r","label":"unnamed-chunk-37"},"document_id":"50DA5503","chunk_id":"c4sliudao9nvx","chunk_label":"unnamed-chunk-13"},{"row":261,"row_count":1,"visible":true,"expansion_state":0,"options":{"engine":"r","label":"unnamed-chunk-38"},"document_id":"50DA5503","chunk_id":"c69pucc2u0mvm","chunk_label":"unnamed-chunk-14"},{"row":267,"row_count":1,"visible":true,"expansion_state":0,"options":{"engine":"r","label":"unnamed-chunk-39"},"document_id":"50DA5503","chunk_id":"cw56j0d4ae6b8","chunk_label":"unnamed-chunk-15"},{"row":279,"row_count":1,"visible":true,"expansion_state":0,"options":{"engine":"r","label":"unnamed-chunk-42"},"document_id":"50DA5503","chunk_id":"c96bg9au8szrj","chunk_label":"unnamed-chunk-16"},{"row":285,"row_count":1,"visible":true,"expansion_state":0,"options":{"engine":"r","label":"unnamed-chunk-46"},"document_id":"50DA5503","chunk_id":"cvv6hesb65c6r","chunk_label":"unnamed-chunk-17"},{"row":333,"row_count":1,"visible":true,"expansion_state":0,"options":{"engine":"r","label":"unnamed-chunk-54"},"document_id":"50DA5503","chunk_id":"cenczvbg21a0i","chunk_label":"unnamed-chunk-18"},{"row":432,"row_count":1,"visible":true,"expansion_state":0,"options":{"engine":"r","label":"unnamed-chunk-77"},"document_id":"50DA5503","chunk_id":"c27n6hr6n998p","chunk_label":"unnamed-chunk-19"},{"row":438,"row_count":1,"visible":true,"expansion_state":0,"options":{"engine":"r","label":"unnamed-chunk-69"},"document_id":"50DA5503","chunk_id":"cizzukrej7c5i","chunk_label":"unnamed-chunk-20"},{"row":444,"row_count":1,"visible":true,"expansion_state":0,"options":{"engine":"r","label":"unnamed-chunk-70"},"document_id":"50DA5503","chunk_id":"c38smlxqbppw0","chunk_label":"unnamed-chunk-21"},{"row":450,"row_count":1,"visible":true,"expansion_state":0,"options":{"engine":"r","label":"unnamed-chunk-71"},"document_id":"50DA5503","chunk_id":"cjbce55mu1kgi","chunk_label":"unnamed-chunk-22"},{"row":456,"row_count":1,"visible":true,"expansion_state":0,"options":{"engine":"r","label":"unnamed-chunk-72"},"document_id":"50DA5503","chunk_id":"cmxzamf3c31yc","chunk_label":"unnamed-chunk-23"},{"row":462,"row_count":1,"visible":true,"expansion_state":0,"options":{"engine":"r","label":"unnamed-chunk-73"},"document_id":"50DA5503","chunk_id":"cbrnxnhql4hg2","chunk_label":"unnamed-chunk-24"}],"doc_write_time":1592880106,"working_dir":null,"default_chunk_options":{"echo":true}}