"0","var.interval=function(data,conf.level=0.95){"
"0","  df=length(data)-1"
"0","  chilower=qchisq((1-conf.level)/2,df)"
"0","  chiupper=qchisq((1-conf.level)/2,df,lower.tail=FALSE)"
"0","  v=var(data)"
"0","  c(df*v/chiupper,df*v/chilower)"
"0","}"
"0","var.interval(d,conf.level=0.95)"
"1","[1]"
"1"," 0.001465121"
"1"," 0.004650629"
"1","
"
"0","var.interval(d,conf.level=0.9)"
"1","[1]"
"1"," 0.001583773"
"1"," 0.004164600"
"1","
"
"0","var.interval(d,conf.level=0.8)"
"1","[1]"
"1"," 0.001737340"
"1"," 0.003683142"
"1","
"
"0","var.interval(d,conf.level=0.5)"
"1","[1]"
"1"," 0.002042167"
"1"," 0.003029489"
"1","
"
