{"chunk_definitions":[{"row":16,"row_count":1,"visible":true,"expansion_state":0,"options":{"engine":"r","label":"setup","include":false},"document_id":"50DA5503","chunk_id":"csetup_chunk","chunk_label":"setup"},{"row":27,"row_count":1,"visible":true,"expansion_state":0,"options":{"engine":"r","label":"unnamed-chunk-19"},"document_id":"50DA5503","chunk_id":"cjgae9xc5khru","chunk_label":"unnamed-chunk-1"},{"row":34,"row_count":1,"visible":true,"expansion_state":0,"options":{"engine":"r","label":"unnamed-chunk-20"},"document_id":"50DA5503","chunk_id":"cplbys9af8b6g","chunk_label":"unnamed-chunk-2"},{"row":46,"row_count":1,"visible":true,"expansion_state":0,"options":{"engine":"r","label":"unnamed-chunk-21"},"document_id":"50DA5503","chunk_id":"cxx27ce77knq6","chunk_label":"unnamed-chunk-3"},{"row":53,"row_count":1,"visible":true,"expansion_state":0,"options":{"engine":"r","label":"unnamed-chunk-22"},"document_id":"50DA5503","chunk_id":"cmogcuy0u5kw4","chunk_label":"unnamed-chunk-4"}],"doc_write_time":1592761075,"working_dir":null,"default_chunk_options":{"echo":true}}