{"chunk_definitions":[{"row":9,"row_count":1,"visible":true,"expansion_state":0,"options":{"engine":"r","label":"setup","include":false},"document_id":"236FC06A","chunk_id":"csetup_chunk","chunk_label":"setup"},{"row":264,"row_count":1,"visible":true,"expansion_state":0,"options":{"engine":"r","label":"unnamed-chunk-2"},"document_id":"236FC06A","chunk_id":"cgqwmhm0oqoio","chunk_label":"unnamed-chunk-15"}],"doc_write_time":1592515530,"working_dir":null,"default_chunk_options":{"echo":true},"chunk_rendered_width":700}