{"chunk_definitions":[{"row":16,"row_count":1,"visible":true,"expansion_state":0,"options":{"engine":"r","label":"setup","include":false},"document_id":"A0BB5D66","chunk_id":"csetup_chunk","chunk_label":"setup"},{"row":254,"row_count":1,"visible":true,"expansion_state":0,"options":{"engine":"r","label":"unnamed-chunk-1"},"document_id":"A0BB5D66","chunk_id":"cohn0tptucz6w","chunk_label":"unnamed-chunk-16"},{"row":264,"row_count":1,"visible":true,"expansion_state":0,"options":{"engine":"r","label":"unnamed-chunk-3"},"document_id":"A0BB5D66","chunk_id":"c9s5mt83ktnz9","chunk_label":"unnamed-chunk-17"}],"doc_write_time":1592947449,"working_dir":null,"default_chunk_options":{"echo":true},"chunk_rendered_width":700}