{"chunk_definitions":[{"row":16,"row_count":1,"visible":true,"expansion_state":0,"options":{"engine":"r","label":"setup","include":false},"document_id":"2BE0D003","chunk_id":"csetup_chunk","chunk_label":"setup"},{"row":268,"row_count":1,"visible":true,"expansion_state":0,"options":{"engine":"r","label":"unnamed-chunk-1"},"document_id":"2BE0D003","chunk_id":"cgnawxldjykse","chunk_label":"unnamed-chunk-11"}],"doc_write_time":1593208127,"working_dir":null,"default_chunk_options":{"echo":true},"chunk_rendered_width":700}