"0","t.test(snapper,blue,conf.level=0.95,var.equal=TRUE)$conf.int"
"1","[1]"
"1","  8.757585"
"1"," 11.840749"
"1","
"
"1","attr(,""conf.level"")"
"1","
"
"1","[1]"
"1"," 0.95"
"1","
"
"0","t.test(snapper,blue,conf.level=0.85,var.equal=TRUE)$conf.int"
"1","[1]"
"1","  9.182414"
"1"," 11.415919"
"1","
"
"1","attr(,""conf.level"")"
"1","
"
"1","[1]"
"1"," 0.85"
"1","
"
"0","t.test(snapper,blue,conf.level=0.75,var.equal=TRUE)$conf.int"
"1","[1]"
"1","  9.411911"
"1"," 11.186422"
"1","
"
"1","attr(,""conf.level"")"
"1","
"
"1","[1]"
"1"," 0.75"
"1","
"
"0","t.test(snapper,blue,conf.level=0.25,var.equal=TRUE)$conf.int"
"1","[1]"
"1"," 10.05570"
"1"," 10.54263"
"1","
"
"1","attr(,""conf.level"")"
"1","
"
"1","[1]"
"1"," 0.25"
"1","
"
